{"_runtime":2557,"epoch":20,"train/contrastive_loss":0.8661047554016114,"val/contrastive_loss":1.5236387252807617,"lr":0.001,"_timestamp":1.7671953872218199e+09,"_step":19,"_wandb":{"runtime":2557}}