{"_runtime":2524,"train/projector_mse":0.0004021097405347973,"val/projector_mse":0.0008556758305833986,"_timestamp":1.7671980651858983e+09,"_step":19,"epoch":20,"_wandb":{"runtime":2524}}